Feature,Coefficient
release_year,1675.5913387747037
content_type,5352978.436126768
available_globally,3495307.266218235
